[
{
  "name": "default",
  "id": "default",
  // "cmsSections": [{
  //   "tabValue": "about-us",
  //   "tabTitleKey": "webContentSections.aboutUs",
  //   "cmsPartsList": [{
  //     "tabValue": "services",
  //     "tabTitleKey": "webContentSections.services",
  //     "label": "about_us_services",
  //     "editorBlocks": [
  //       [{
  //         "label": "title_a",
  //         "isSingleLineText": "true"
  //       }, {
  //         "label": "content_a",
  //         "isMultipleLineText": "true"
  //       }],
  //       [{
  //         "label": "title_b",
  //         "isSingleLineText": "true"
  //       }, {
  //         "label": "content_b",
  //         "isMultipleLineText": "true"
  //       }],
  //       [{
  //         "label": "title_c",
  //         "isSingleLineText": "true"
  //       }, {
  //         "label": "content_c",
  //         "isMultipleLineText": "true"
  //       }]
  //     ]
  //   }, {
  //     "tabValue": "people",
  //     "tabTitleKey": "webContentSections.people",
  //     "label": "about_us_people",
  //     "editorBlocks": [
  //       [
  //         "title_a",
  //         "content_a"
  //       ],
  //       [
  //         "title_b",
  //         "content_b"
  //       ],
  //       [
  //         "title_c",
  //         "content_c"
  //       ]

  //     ]
  //   }]
  // }, {
  //   "tabValue": "legal",
  //   "tabTitleKey": "webContentSections.legal"
  // }],
  // https://msdn.microsoft.com/en-us/library/ee825488(v=cs.20).aspx
  "availableLocaleFields": [
    {
      "labelTextTKey": "bg",
      "fieldName": "bg",
      "localeVariants": ["bg-BG"]
    },
    {
      "labelTextTKey": "nl",
      "fieldName": "nl",
      "localeVariants": ["nl-Nl"]
    },
    {
      "labelTextTKey": "en",
      "fieldName": "en",
      "localeVariants": ["en-UK", "en-US"]
    },
    {
      "labelTextTKey": "fr",
      "fieldName": "fr",
      "localeVariants": ["fr-FR"]
    },
    {
      "labelTextTKey": "de",
      "fieldName": "de",
      "localeVariants": ["de-DE"]
    },
    {
      "labelTextTKey": "it",
      "fieldName": "it",
      "localeVariants": ["it-IT"]
    },
    {
      "labelTextTKey": "ko",
      "fieldName": "ko",
      "localeVariants": ["ko-KR"]
    },
    {
      "labelTextTKey": "pl",
      "fieldName": "pl",
      "localeVariants": ["pl-PL"]
    },
    {
      "labelTextTKey": "pt",
      "fieldName": "pt",
      "localeVariants": ["pt-PT", "pt-BR"],
      "isNotComplete": true
    },
    {
      "labelTextTKey": "ro",
      "fieldName": "ro",
      "localeVariants": ["ro-RO"]
    },
    {
      "labelTextTKey": "ru",
      "fieldName": "ru",
      "localeVariants": ["ru-RU"]
    },
    {
      "labelTextTKey": "es",
      "fieldName": "es",
      "localeVariants": ["es-ES", "es-MX", "es-CL"]
    },
    {
      "labelTextTKey": "tr",
      "fieldName": "tr",
      "localeVariants": ["tr-TR"],
      "isNotComplete": true
    },
    {
      "labelTextTKey": "vi",
      "fieldName": "vi",
      "localeVariants": ["vi-VI"],
      "isNotComplete": true
    }

    // }, {
    //   "labelTextTKey": "hi",
    //   "fieldName": "hi",
    //   "localeVariants": ["hi-IN"]
    // }, {
    //   "labelTextTKey": "it",
    //   "fieldName": "it",
    //   "localeVariants": ["it-IT"]
    // }
  ],
  // http://www.xe.com/iso4217.php
  "currencyFieldKeys": [
  {
    "value": "AUD",
    "labelTextTKey": "aud"
  },
  {
    "value": "ARS",
    "labelTextTKey": "ars"
  },
  {
    "value": "CAD",
    "labelTextTKey": "cad"
  },
  {
    "value": "BRL",
    "labelTextTKey": "brl"
  },
  {
    "value": "CHF",
    "labelTextTKey": "chf"
  },
  {
    "value": "CLP",
    "labelTextTKey": "clp"
  },
  {
    "value": "CNY",
    "labelTextTKey": "cny"
  },
  {
    "value": "CZK",
    "labelTextTKey": "czk"
  },
  {
    "value": "DKK",
    "labelTextTKey": "dkk"
  },
  {
    "value": "EUR",
    "labelTextTKey": "eur"
  },
  {
    "value": "EGP",
    "labelTextTKey": "egp"
  },
  {
    "value": "GBP",
    "labelTextTKey": "gbp"
  },
  {
    "value": "GHS",
    "labelTextTKey": "ghs"
  },
  {
    "value": "HKD",
    "labelTextTKey": "hkd"
  },
  {
    "value": "USD",
    "labelTextTKey": "usd"
  },
  {
    "value": "INR",
    "labelTextTKey": "inr"
  },
  {
    "value": "MAD",
    "labelTextTKey": "mad"
  },
  {
    "value": "MXN",
    "labelTextTKey": "mxn"
  },
  {
    "value": "NGN",
    "labelTextTKey": "ngn"
  },
  {
    "value": "PLN",
    "labelTextTKey": "pln"
  },
  {
    "value": "RON",
    "labelTextTKey": "ron"
  },
  {
    "value": "RUB",
    "labelTextTKey": "rub"
  },
  {
    "value": "SEK",
    "labelTextTKey": "sek"
  },
  {
    "value": "THB",
    "labelTextTKey": "thb"
  },
  {
    "value": "TRY",
    "labelTextTKey": "try"
  },
  {
    "value": "VND",
    "labelTextTKey": "vnd"
  },
  {
    "value": "ZAR",
    "labelTextTKey": "zar"
  }],
  "agencyTabsList": [
  {
    "tabValue": "general",
    "tabTitleKey": "agencySections.general"
  },
  {
    "tabValue": "location",
    "tabTitleKey": "agencySections.location"
  }],
  "websiteSettingsTabsList": [
  {
    "tabValue": "general",
    "tabTitleKey": "webContentSections.general"
  },
  {
    "tabValue": "appearance",
    "tabTitleKey": "webContentSections.appearance"
  },
  {
    "tabValue": "navigation",
    "tabTitleKey": "webContentSections.navigation"
  }],
  "websiteSectionsTabsList": [
  {
    "tabValue": "buy",
    "tabTitleKey": "siteSections.buy"
  },
  {
    "tabValue": "rent",
    "tabTitleKey": "siteSections.rent"
  },
  {
    "tabValue": "sell",
    "tabTitleKey": "siteSections.sell"
  },
  {
    "tabValue": "about_us",
    "tabTitleKey": "siteSections.aboutUs"
  },
  {
    "tabValue": "contact_us",
    "tabTitleKey": "siteSections.contactUs"
  }],
  "importPropertiesTabsList": [
  {
    "tabValue": "from_upload",
    "tabTitleKey": "ioSections.fromUpload"
    // "importLabelKey": "btnLabels.importTranslations"
  },
  {
    "tabValue": "from_mls",
    "tabTitleKey": "ioSections.fromMls"
  },
  {
    "tabValue": "from_webpage",
    "tabTitleKey": "ioSections.fromWebpage"
  }],
  // "importExportTabsList": [{
  //   "tabValue": "translations",
  //   "tabTitleKey": "adminSections.translations",
  //   "importLabelKey": "btnLabels.importTranslations",
  //   "importUrl": "/import/translations"
  // }, {
  //   "tabValue": "content",
  //   "tabTitleKey": "adminSections.content",
  //   "importLabelKey": "btnLabels.importSiteContent",
  //   "importUrl": "/import/web_contents"
  // }, {
  //   "tabValue": "properties",
  //   "tabTitleKey": "adminSections.properties",
  //   "importLabelKey": "btnLabels.importProperties",
  //   "importUrl": "/import/properties"
  // }],
  "websiteContentTabsList": [{
  //   "tabValue": "landing-carousel",
  //   "tabTitleKey": "webContentSections.landingCarousel"
  // }, {
  //   "tabValue": "content-area-cols",
  //   "tabTitleKey": "webContentSections.contentAreaCols"
  // }, {
  //   "tabValue": "about-us",
  //   "tabTitleKey": "webContentSections.aboutUs"
  // }, {
  //   "tabValue": "legal",
  //   "tabTitleKey": "webContentSections.legal"
  // }, {
    "tabValue": "footer",
    "tabTitleKey": "webContentSections.footer"
  }]
}]
